Recency,Frequency,MonetaryValue
36.20983717025023,6.0609152673132645,1.131370849898476
34.79562360787714,7.475128829686359,2.545584412271571
