Recency,MonetaryValue,Frequency,features,scaledFeatures,Cluster
32.53801039796587,3.464101615137755,2.8711916404316185,[1.3698E7,2.0,651.1000000000001],[32.53801039796587,3.464101615137755,2.8711916404316185]
30.82773389872982,1.7320508075688774,2.7796010239798217,[1.2978E7,1.0,630.33],[30.82773389872982,1.7320508075688774,2.7796010239798217]
30.78497698624892,1.7320508075688774,1.0951627152529446,[1.296E7,1.0,248.34999999999997],[30.78497698624892,1.7320508075688774,1.0951627152529446]
